DocumentWeight,Amount Awarded,Identifier,Topic
0.0,0.0,0,topic0
0.0,0.0,0,topic0
0.0,0.0,0,topic0
0.0,0.0,0,topic0
0.0,0.0,0,topic0
0.0,0.0,0,topic0
0.0,0.0,0,topic0
13.566946257,440756.0,287,topic0
20.1844415626,592638.0,427,topic0
0.520527514759,13475.0,11,topic0
0.0,0.0,0,topic0
0.0,0.0,0,topic0
0.0,0.0,0,topic0
0.0,0.0,0,topic0
0.0,0.0,0,topic0
0.0,0.0,0,topic0
0.0,0.0,0,topic0
0.0,0.0,0,topic0
0.0,0.0,0,topic0
0.0,0.0,0,topic0
0.0,0.0,0,topic0
0.0,0.0,0,topic0
